{"cameraMode":{"drawMode":0,"name":"Shaded","section":"Shading Mode"},"sceneLighting":false,"audioPlay":false,"sceneViewState":{"showFog":true,"showMaterialUpdate":true,"showSkybox":true,"showFlares":true,"showImageEffects":true,"showParticleSystems":true},"in2DMode":false,"pivot":{"x":-10.707414627075196,"y":-9.659950256347657,"z":41.111045837402347},"rotation":{"x":0.014221546240150929,"y":-0.8383929133415222,"z":0.544438898563385,"w":0.021942662075161935},"size":41.86759948730469,"orthographic":false}