{"cameraMode":{"drawMode":0,"name":"Shaded","section":"Shading Mode"},"sceneLighting":false,"audioPlay":false,"sceneViewState":{"showFog":true,"showMaterialUpdate":false,"showSkybox":true,"showFlares":true,"showImageEffects":true,"showParticleSystems":true},"in2DMode":false,"pivot":{"x":-2.0684475898742677,"y":-1.135000467300415,"z":-0.31635957956314089},"rotation":{"x":-0.2471645176410675,"y":-0.16416557133197785,"z":0.04252175986766815,"w":-0.9540184736251831},"size":86.96134185791016,"orthographic":false}