{"cameraMode":{"drawMode":0,"name":"Shaded","section":"Shading Mode"},"sceneLighting":false,"audioPlay":false,"sceneViewState":{"showFog":true,"showMaterialUpdate":false,"showSkybox":true,"showFlares":true,"showImageEffects":true,"showParticleSystems":true},"in2DMode":false,"pivot":{"x":9.75,"y":-1.0310815572738648,"z":21.895187377929689},"rotation":{"x":0.2437519133090973,"y":-0.28573983907699587,"z":0.07540148496627808,"w":0.92371666431427},"size":4.942883491516113,"orthographic":true}