{"cameraMode":{"drawMode":0,"name":"Shaded","section":"Shading Mode"},"sceneLighting":false,"audioPlay":false,"sceneViewState":{"showFog":true,"showMaterialUpdate":false,"showSkybox":true,"showFlares":true,"showImageEffects":true,"showParticleSystems":true},"in2DMode":false,"pivot":{"x":-5.960464477539063e-8,"y":0.10798221826553345,"z":-4.470348358154297e-8},"rotation":{"x":-0.0678849071264267,"y":0.9248168468475342,"z":-0.19741733372211457,"w":-0.318012535572052},"size":0.44857582449913027,"orthographic":false}