{"cameraMode":{"drawMode":0,"name":"Shaded","section":"Shading Mode"},"sceneLighting":false,"audioPlay":false,"sceneViewState":{"showFog":true,"showMaterialUpdate":false,"showSkybox":true,"showFlares":true,"showImageEffects":true,"showParticleSystems":true},"in2DMode":false,"pivot":{"x":0.0051326751708984379,"y":-0.022599875926971437,"z":0.0},"rotation":{"x":-0.31359514594078066,"y":0.20490041375160218,"z":-0.06950756162405014,"w":-0.924576997756958},"size":1.370394229888916,"orthographic":false}