{"cameraMode":{"drawMode":0,"name":"Shaded","section":"Shading Mode"},"sceneLighting":false,"audioPlay":false,"sceneViewState":{"showFog":true,"showMaterialUpdate":false,"showSkybox":true,"showFlares":true,"showImageEffects":true,"showParticleSystems":true},"in2DMode":false,"pivot":{"x":-11.445854187011719,"y":0.8817265033721924,"z":-40.09871292114258},"rotation":{"x":-0.07605774700641632,"y":0.9211766123771668,"z":-0.2301289141178131,"w":-0.30444979667663576},"size":209.40188598632813,"orthographic":false}