{"cameraMode":{"drawMode":0,"name":"Shaded","section":"Shading Mode"},"sceneLighting":false,"audioPlay":false,"sceneViewState":{"showFog":true,"showMaterialUpdate":false,"showSkybox":true,"showFlares":true,"showImageEffects":true,"showParticleSystems":true},"in2DMode":false,"pivot":{"x":3.7951066493988039,"y":-0.16994738578796388,"z":-3.3603122234344484},"rotation":{"x":-0.2255452573299408,"y":-0.49314603209495547,"z":0.13408870995044709,"w":-0.8294314742088318},"size":8.155177116394043,"orthographic":false}