{"cameraMode":{"drawMode":0,"name":"Shaded","section":"Shading Mode"},"sceneLighting":false,"audioPlay":false,"sceneViewState":{"showFog":true,"showMaterialUpdate":true,"showSkybox":true,"showFlares":true,"showImageEffects":true,"showParticleSystems":true},"in2DMode":false,"pivot":{"x":8.31363296508789,"y":5.892902851104736,"z":-13.319156646728516},"rotation":{"x":-0.21211810410022736,"y":0.20972979068756104,"z":-0.0466899573802948,"w":-0.9533306956291199},"size":0.8573638796806336,"orthographic":false}