{"cameraMode":{"drawMode":0,"name":"Shaded","section":"Shading Mode"},"sceneLighting":false,"audioPlay":false,"sceneViewState":{"showFog":true,"showMaterialUpdate":false,"showSkybox":true,"showFlares":true,"showImageEffects":true,"showParticleSystems":true},"in2DMode":false,"pivot":{"x":5.481096267700195,"y":0.3437141180038452,"z":-1.7414015531539918},"rotation":{"x":-0.2471645176410675,"y":-0.16416557133197785,"z":0.04252175986766815,"w":-0.9540184736251831},"size":10.569700241088868,"orthographic":false}