{"cameraMode":{"drawMode":0,"name":"Shaded","section":"Shading Mode"},"sceneLighting":false,"audioPlay":false,"sceneViewState":{"showFog":true,"showMaterialUpdate":true,"showSkybox":true,"showFlares":true,"showImageEffects":true,"showParticleSystems":true},"in2DMode":false,"pivot":{"x":0.0,"y":3.1706838607788088,"z":-2.384185791015625e-7},"rotation":{"x":-0.3201587498188019,"y":0.30276843905448916,"z":-0.10881110280752182,"w":-0.8910610675811768},"size":12.789339065551758,"orthographic":false}