{"cameraMode":{"drawMode":0,"name":"Shaded","section":"Shading Mode"},"sceneLighting":false,"audioPlay":false,"sceneViewState":{"showFog":true,"showMaterialUpdate":false,"showSkybox":true,"showFlares":true,"showImageEffects":true,"showParticleSystems":true},"in2DMode":false,"pivot":{"x":7.406227111816406,"y":0.3904139995574951,"z":-2.3966329097747804},"rotation":{"x":-0.2471645176410675,"y":-0.16416557133197785,"z":0.04252175986766815,"w":-0.9540184736251831},"size":13.722589492797852,"orthographic":false}