{"cameraMode":{"drawMode":0,"name":"Shaded","section":"Shading Mode"},"sceneLighting":false,"audioPlay":false,"sceneViewState":{"showFog":true,"showMaterialUpdate":true,"showSkybox":true,"showFlares":true,"showImageEffects":true,"showParticleSystems":true},"in2DMode":false,"pivot":{"x":0.0,"y":-0.7500001192092896,"z":8.940241968957707e-8},"rotation":{"x":-0.21211810410022736,"y":0.20972979068756104,"z":-0.0466899573802948,"w":-0.9533306956291199},"size":14.430391311645508,"orthographic":false}