{"cameraMode":{"drawMode":0,"name":"Shaded","section":"Shading Mode"},"sceneLighting":false,"audioPlay":false,"sceneViewState":{"showFog":true,"showMaterialUpdate":true,"showSkybox":true,"showFlares":true,"showImageEffects":true,"showParticleSystems":true},"in2DMode":false,"pivot":{"x":-0.9127597212791443,"y":4.785820960998535,"z":4.278594970703125},"rotation":{"x":-0.3201587498188019,"y":0.30276843905448916,"z":-0.10881110280752182,"w":-0.8910610675811768},"size":33.001686096191409,"orthographic":false}