{"cameraMode":{"drawMode":0,"name":"Shaded","section":"Shading Mode"},"sceneLighting":false,"audioPlay":false,"sceneViewState":{"showFog":true,"showMaterialUpdate":true,"showSkybox":true,"showFlares":true,"showImageEffects":true,"showParticleSystems":true},"in2DMode":false,"pivot":{"x":10.503850936889649,"y":6.340000152587891,"z":-13.716124534606934},"rotation":{"x":-0.3201587498188019,"y":0.30276843905448916,"z":-0.10881110280752182,"w":-0.8910610675811768},"size":7.333852291107178,"orthographic":false}