{"cameraMode":{"drawMode":0,"name":"Shaded","section":"Shading Mode"},"sceneLighting":false,"audioPlay":false,"sceneViewState":{"showFog":true,"showMaterialUpdate":false,"showSkybox":true,"showFlares":true,"showImageEffects":true,"showParticleSystems":true},"in2DMode":false,"pivot":{"x":2.000300884246826,"y":-0.01778523623943329,"z":-0.7199012041091919},"rotation":{"x":-0.2471645176410675,"y":-0.16416557133197785,"z":0.04252175986766815,"w":-0.9540184736251831},"size":7.210004806518555,"orthographic":false}