{"cameraMode":{"drawMode":0,"name":"Shaded","section":"Shading Mode"},"sceneLighting":false,"audioPlay":false,"sceneViewState":{"showFog":true,"showMaterialUpdate":true,"showSkybox":true,"showFlares":true,"showImageEffects":true,"showParticleSystems":true},"in2DMode":false,"pivot":{"x":8.31363296508789,"y":5.892902851104736,"z":-13.319156646728516},"rotation":{"x":-0.22602422535419465,"y":-0.7690123915672302,"z":0.3699844181537628,"w":-0.4697282612323761},"size":0.8573638796806336,"orthographic":false}