{"cameraMode":{"drawMode":0,"name":"Shaded","section":"Shading Mode"},"sceneLighting":false,"audioPlay":false,"sceneViewState":{"showFog":true,"showMaterialUpdate":false,"showSkybox":true,"showFlares":true,"showImageEffects":true,"showParticleSystems":true},"in2DMode":false,"pivot":{"x":-13.350001335144043,"y":32.650001525878909,"z":0.0},"rotation":{"x":0.21565493941307069,"y":-0.7464175820350647,"z":0.2873631715774536,"w":0.5601573586463928},"size":5.715767860412598,"orthographic":true}