{"cameraMode":{"drawMode":0,"name":"Shaded","section":"Shading Mode"},"sceneLighting":false,"audioPlay":false,"sceneViewState":{"showFog":true,"showMaterialUpdate":true,"showSkybox":true,"showFlares":true,"showImageEffects":true,"showParticleSystems":true},"in2DMode":false,"pivot":{"x":-0.0625002384185791,"y":1.8620994524098934e-8,"z":50.0},"rotation":{"x":-0.1452878713607788,"y":0.1848878115415573,"z":-0.027672087773680688,"w":-0.971566915512085},"size":18.35650062561035,"orthographic":false}