{"cameraMode":{"drawMode":0,"name":"Shaded","section":"Shading Mode"},"sceneLighting":false,"audioPlay":false,"sceneViewState":{"showFog":true,"showMaterialUpdate":false,"showSkybox":true,"showFlares":true,"showImageEffects":true,"showParticleSystems":true},"in2DMode":false,"pivot":{"x":4.469437599182129,"y":0.4835687577724457,"z":-1.300154447555542},"rotation":{"x":-0.2471645176410675,"y":-0.16416557133197785,"z":0.04252175986766815,"w":-0.9540184736251831},"size":11.902358055114746,"orthographic":false}